City ID,City Name,Cloudiness,Country,Humidity,Latitude,Temperature,Wind Speeds
3081752,Wladyslawowo,88.00%,PL,100.00%,54.7909,30.87,15.73
1528998,Yumen,8.00%,CN,38.00%,40.2917,36.09,13.49
1799869,Nanning,24.00%,CN,92.00%,22.8326,64.33,4.43
3661980,Tamandare,80.00%,BR,79.00%,-8.2789,75.13,5.66
3468720,Buritizeiro,12.00%,BR,66.00%,-17.3668,68.99,11.14
3354077,Opuwo,36.00%,NA,97.00%,-18.0559,60.49,1.86
58933,Garowe,0.00%,SO,80.00%,8.4061,65.14,7.23
3448903,Sao Joao da Barra,0.00%,BR,96.00%,-21.6403,77.86,15.28
625539,Malaryta,68.00%,BY,87.00%,51.7917,24.66,3.76
4011743,Constitucion,0.00%,MX,16.00%,23.9912,77.41,15.73
2729907,Longyearbyen,0.00%,NO,74.00%,78.2198,7.86,1.97
5961417,Husavik,64.00%,CA,97.00%,50.5623,31.33,5.44
2142316,Yeppoon,48.00%,AU,79.00%,-23.1349,84.2,11.03
2015306,Tiksi,64.00%,RU,75.00%,71.6366,9.88,7.45
3412093,Vestmannaeyjar,92.00%,IS,95.00%,63.4427,41.79,34.85
1264037,Malpe,0.00%,IN,90.00%,13.35,79.27,3.42
3667478,Tame,20.00%,CO,95.00%,6.4616,57.0,0.51
3870243,Taltal,0.00%,CL,91.00%,-25.408,50.77,2.08
4035715,Avarua,92.00%,CK,100.00%,-21.2078,75.4,12.03
1487332,Verkhnyaya Inta,68.00%,RU,62.00%,65.9884,-1.25,8.46
548791,Kichmengskiy Gorodok,64.00%,RU,86.00%,59.9921,10.94,2.86
2398430,Mimongo,92.00%,GA,99.00%,-1.6163,71.94,2.19
5962442,Goderich,12.00%,CA,46.00%,43.7407,38.44,19.3
6167817,Torbay,0.00%,CA,100.00%,47.6577,20.46,6.44
707451,Ivanivka,80.00%,UA,95.00%,46.9824,40.69,2.86
5915327,Cap-aux-Meules,0.00%,CA,100.00%,47.3821,28.09,7.45
964406,Port Shepstone,8.00%,ZA,96.00%,-30.7414,71.24,14.38
2742416,Barcelos,48.00%,PT,100.00%,41.5314,50.56,0.96
3668257,Saravena,36.00%,CO,75.00%,6.9564,68.63,2.19
3031582,Saint-Augustin,56.00%,FR,94.00%,44.8323,46.08,5.21
558487,Grivenskaya,92.00%,RU,94.00%,45.645,44.49,4.65
1790645,Xiamen,36.00%,CN,99.00%,24.4587,65.73,3.2
3394500,Morada Nova,76.00%,BR,97.00%,-5.0974,70.83,5.55
217389,Demba,32.00%,CD,93.00%,-5.469,73.47,3.53
1630662,Praya,48.00%,ID,100.00%,-8.7054,75.65,6.89
1252783,Yarada,0.00%,IN,100.00%,17.65,81.5,16.06
1796236,Shanghai,0.00%,CN,86.00%,31.2253,61.83,4.43
6096551,Pangnirtung,76.00%,CA,76.00%,66.149,10.87,8.9
934479,Grand Gaube,48.00%,MU,100.00%,-20.0064,75.56,8.79
64814,Bandarbeyla,20.00%,SO,100.00%,9.4942,79.05,13.49
1849831,Toyooka,12.00%,JP,70.00%,35.5464,67.84,3.53
1282256,Hithadhoo,56.00%,MV,100.00%,-0.6,84.04,1.97
6431379,Saint-Alexandre,20.00%,FR,68.00%,44.228,47.5,13.15
3873441,Los Rastrojos,0.00%,CL,71.00%,-34.4646,59.16,1.07
513328,Ozinki,0.00%,RU,87.00%,51.2,17.64,9.01
463838,Zelenoborskiy,12.00%,RU,71.00%,66.845,11.1,6.89
5826559,Green River,8.00%,US,75.00%,41.5291,33.13,6.22
1266330,Kokrajhar,68.00%,IN,97.00%,26.4004,63.34,8.23
5456049,Aztec,56.00%,US,58.00%,36.8221,53.19,4.99
1078553,Ampanihy,0.00%,MG,86.00%,-24.6942,59.38,2.75
3393692,Itarema,36.00%,BR,99.00%,-2.9248,72.81,2.53
2708365,Halmstad,88.00%,SE,100.00%,56.674,31.06,17.74
2013465,Verkhoyansk,20.00%,RU,68.00%,67.5527,14.36,2.19
2075265,Busselton,44.00%,AU,100.00%,-33.6445,64.72,8.34
2109528,Buala,44.00%,SB,93.00%,-8.1456,84.92,5.44
1263997,Mamallapuram,8.00%,IN,100.00%,12.6264,78.03,6.55
1264976,Leh,24.00%,IN,65.00%,34.1642,-19.16,0.63
3146831,Lundamo,0.00%,NO,59.00%,63.1532,14.79,2.19
2122090,Pevek,8.00%,RU,83.00%,69.7028,-0.8,4.32
1258864,Rajgir,0.00%,IN,49.00%,25.0306,66.25,2.64
3146487,Raudeberg,88.00%,NO,100.00%,61.9875,35.8,2.42
2873499,Mariental,56.00%,DE,87.00%,52.2777,36.25,2.98
986717,Kruisfontein,8.00%,ZA,93.00%,-34.0034,59.88,11.03
553725,Kamenka,56.00%,RU,90.00%,53.185,20.55,13.49
6201424,Mataura,92.00%,NZ,59.00%,-46.1928,66.09,21.88
2146219,Hervey Bay,48.00%,AU,97.00%,-25.2986,78.03,15.73
6165406,Thompson,76.00%,CA,73.00%,55.7433,31.93,11.36
917688,Chongwe,76.00%,ZM,97.00%,-15.3275,63.66,2.98
2132606,Samarai,24.00%,PG,100.00%,-10.6167,84.51,4.76
546105,Nikolskoye,48.00%,RU,68.00%,59.7035,17.89,5.77
3451261,Caxito,24.00%,BR,72.00%,-22.6492,75.02,11.7
3397119,Jucas,92.00%,BR,90.00%,-6.5253,68.95,0.29
3465542,Coracao de Jesus,20.00%,BR,62.00%,-16.6853,72.23,10.8
934649,Cap Malheureux,48.00%,MU,100.00%,-19.9842,75.56,8.79
4267710,Sitka,92.00%,US,26.00%,37.175,69.17,15.84
2163355,Hobart,24.00%,AU,72.00%,-42.8826,59.76,4.99
3985710,Cabo San Lucas,0.00%,MX,91.00%,22.8938,76.05,1.97
1244713,Haputale,0.00%,LK,99.00%,6.7681,64.58,2.64
5855927,Hilo,36.00%,US,100.00%,19.7072,73.85,12.59
1651810,Airai,24.00%,TL,90.00%,-8.9266,76.41,0.4
2270385,Camacha,0.00%,PT,100.00%,33.0833,61.05,23.33
6111862,Port Hardy,92.00%,CA,100.00%,50.6996,41.92,7.67
3640226,Guanare,44.00%,VE,61.00%,9.0408,84.69,2.75
350203,Rosetta,32.00%,EG,91.00%,31.4044,48.29,2.86
2265388,Ourem,0.00%,PT,90.00%,39.6417,49.05,8.12
3382160,Cayenne,80.00%,GF,90.00%,4.9371,79.47,6.55
1052944,Angoche,44.00%,MZ,100.00%,-16.2293,82.65,5.44
1712961,Gigmoto,88.00%,PH,100.00%,13.7796,74.14,13.27
1176048,Jati,68.00%,PK,57.00%,24.3534,70.36,9.01
2337542,Naze,0.00%,NG,94.00%,5.4333,71.49,6.89
2338660,Yaan,0.00%,NG,70.00%,7.3833,77.63,12.48
5353775,Grass Valley,0.00%,US,51.00%,39.2191,61.0,12.15
2126710,Beringovskiy,80.00%,RU,100.00%,63.05,15.78,21.77
3704327,Meteti,0.00%,PA,65.00%,8.4997,79.21,10.8
3406442,Barbalha,80.00%,BR,95.00%,-7.3067,74.05,3.31
1053384,Toamasina,64.00%,MG,98.00%,-18.1667,73.17,2.19
2633414,Yarmouth,92.00%,GB,97.00%,50.7055,44.06,10.47
2037886,Dandong,92.00%,CN,97.00%,40.1193,44.17,7.78
1215502,Banda Aceh,8.00%,ID,99.00%,5.5577,71.2,2.75
1259385,Port Blair,12.00%,IN,100.00%,11.6667,82.67,1.86
2013918,Ust-Maya,92.00%,RU,84.00%,60.4164,22.06,8.68
2656708,Ayr,92.00%,GB,100.00%,55.4594,43.12,22.66
1795632,Shenjiamen,68.00%,CN,94.00%,29.9576,56.59,4.32
1718234,Caruray,24.00%,PH,100.00%,10.3094,80.22,9.57
1067565,Beloha,8.00%,MG,92.00%,-25.1739,68.14,7.9
1622318,Waingapu,12.00%,ID,82.00%,-9.6522,87.04,4.99
1732738,Kota Tinggi,76.00%,MY,100.00%,1.7331,77.92,5.77
2381334,Atar,80.00%,MR,37.00%,20.5183,63.18,6.44
2012956,Yerbogachen,0.00%,RU,74.00%,61.2767,8.87,4.76
1267390,Kavaratti,36.00%,IN,100.00%,10.5669,82.67,4.21
5911745,Burns Lake,92.00%,CA,73.00%,54.2332,38.17,10.69
921786,Mitsamiouli,8.00%,KM,100.00%,-11.3848,77.36,2.3
245669,Adre,0.00%,TD,55.00%,13.4667,63.82,3.31
2186313,Napier,0.00%,NZ,85.00%,-39.4909,74.21,1.19
2164771,Grafton,92.00%,AU,98.00%,-29.6913,69.3,6.67
1504382,Kargasok,80.00%,RU,78.00%,59.0598,23.76,8.23
647572,Loviisa,0.00%,FI,94.00%,60.4562,12.88,5.21
233019,Kaberamaido,8.00%,UG,89.00%,1.7638,64.06,7.78
3833859,Barrow,24.00%,AR,53.00%,-38.3131,48.27,8.68
542322,Krasnokholm,64.00%,RU,90.00%,51.5979,22.42,10.92
2418596,Koundara,0.00%,GN,58.00%,12.4852,70.47,3.87
1847947,Shingu,64.00%,JP,92.00%,33.7241,63.37,1.52
502265,Mirnyy,92.00%,RU,98.00%,56.5712,18.1,15.17
4031742,Egvekinot,80.00%,RU,83.00%,66.3167,10.54,4.21
1024312,Mocuba,0.00%,MZ,77.00%,-16.8393,75.65,4.99
4004293,Ixtapa,0.00%,MX,50.00%,20.715,74.68,2.86
1255619,Srivardhan,0.00%,IN,92.00%,18.0333,68.04,3.09
1488414,Urengoy,80.00%,RU,82.00%,65.9642,14.63,17.07
328316,Bolo,0.00%,ET,55.00%,8.2444,45.82,5.55
4031574,Provideniya,92.00%,RU,100.00%,64.4238,23.76,23.44
6113406,Prince Rupert,92.00%,CA,100.00%,54.3161,42.87,7.78
503977,Marfino,92.00%,RU,98.00%,56.0719,33.78,10.69
3453439,Ponta do Sol,8.00%,BR,65.00%,-20.6335,61.88,6.44
6145890,Shelburne,8.00%,CA,43.00%,44.0785,37.45,15.73
3387082,Tabira,88.00%,BR,98.00%,-7.5837,63.88,2.86
2079582,Alyangula,24.00%,AU,91.00%,-13.8484,90.07,8.01
3595803,Escuintla,0.00%,GT,34.00%,14.2904,77.76,1.74
3372707,Ribeira Grande,92.00%,PT,98.00%,38.5167,62.96,8.34
877747,Mtwara,92.00%,TZ,100.00%,-10.2812,82.04,6.11
4034551,Faanui,68.00%,PF,100.00%,-16.4834,82.27,17.18
3369157,Cape Town,0.00%,ZA,98.00%,-33.929,58.48,11.03
5848280,Kapaa,0.00%,US,78.00%,22.0752,77.83,5.66
2185329,Waipawa,0.00%,NZ,53.00%,-39.9412,79.99,4.88
3874787,Punta Arenas,8.00%,CL,96.00%,-53.1627,44.64,34.18
359792,Aswan,24.00%,EG,41.00%,24.0911,68.74,7.0
610091,Chingirlau,0.00%,KZ,83.00%,51.095,19.44,10.47
1795565,Shenzhen,0.00%,CN,81.00%,22.5446,71.85,5.66
3652764,Puerto Ayora,0.00%,EC,94.00%,-0.7394,81.72,10.8
1491999,Shumikha,36.00%,RU,83.00%,55.2282,21.58,12.59
3948642,Matara,64.00%,PE,96.00%,-13.7417,39.42,1.97
463355,Zheleznodorozhnyy,92.00%,RU,98.00%,55.7503,34.0,10.69
5919850,Chapais,68.00%,CA,75.00%,49.7839,32.56,7.67
153955,Micheweni,36.00%,TZ,100.00%,-4.9667,78.22,5.66
2191562,Dunedin,88.00%,NZ,57.00%,-45.874,76.82,15.5
2059470,Victor Harbor,24.00%,AU,75.00%,-35.5546,68.0,12.82
94298,Kifri,0.00%,IQ,60.00%,34.6908,51.24,4.43
5554428,Ketchikan,92.00%,US,98.00%,55.3422,44.78,13.71
2141714,Bourail,92.00%,NC,96.00%,-21.567,74.37,6.89
5106834,Albany,0.00%,US,54.00%,42.6512,34.07,2.64
1816440,Huaiyuan,0.00%,CN,81.00%,32.973,68.22,9.24
6171332,Two Hills,20.00%,CA,90.00%,53.7113,25.29,8.46
3936456,Lima,32.00%,PE,75.00%,-12.0622,61.02,2.08
2152659,Port Macquarie,20.00%,AU,88.00%,-31.43,73.65,5.32
2077895,Alice Springs,0.00%,AU,34.00%,-23.6984,76.53,5.44
2036973,Heihe,0.00%,RU,77.00%,50.2378,46.81,4.76
306571,Konya,0.00%,TR,46.00%,37.872,45.77,9.35
5367788,Lompoc,0.00%,US,75.00%,34.6392,61.36,17.29
2737599,Saldanha,0.00%,PT,90.00%,41.4184,34.38,5.21
3924679,Vilhena,92.00%,BR,88.00%,-12.7369,67.62,3.2
2278158,Buchanan,8.00%,LR,100.00%,5.8813,79.11,4.21
3440777,Rocha,0.00%,UY,71.00%,-34.4811,47.93,7.34
464260,Zaterechnyy,20.00%,RU,91.00%,44.7971,33.82,8.57
2448442,Yorosso,20.00%,ML,28.00%,12.3528,67.69,7.0
5993072,Kitimat,92.00%,CA,94.00%,54.0175,35.22,3.09
5762718,Belle Fourche,68.00%,US,76.00%,44.6709,30.34,5.99
1652203,Xam Nua,100.00%,LA,99.00%,20.4197,61.66,1.74
2409215,Mattru,64.00%,SL,91.00%,7.6244,73.62,2.64
2065594,Mount Isa,0.00%,AU,56.00%,-20.729,83.46,10.69
4167694,Panama City,80.00%,US,87.00%,30.1601,70.93,13.82
3031871,Veraval,80.00%,FR,92.00%,49.6457,40.19,7.11
2399001,Mayumba,64.00%,GA,100.00%,-3.4391,76.87,6.44
2374688,Bolama,68.00%,GW,100.00%,11.5776,78.58,8.57
286987,Nizwa,0.00%,OM,46.00%,22.9324,52.07,3.65
3867291,Filadelfia,48.00%,PY,73.00%,-22.3529,60.19,5.55
1524298,Aksu,0.00%,KZ,79.00%,52.0354,15.87,10.8
3355672,Luderitz,0.00%,NA,83.00%,-26.6481,56.5,7.23
3520271,Nuevo Progreso,8.00%,US,58.00%,26.0544,82.27,24.45
2377457,Nouadhibou,24.00%,MR,63.00%,20.931,62.92,13.6
5697939,North Platte,12.00%,US,71.00%,41.1239,47.32,8.34
2267254,Lagoa,0.00%,PT,80.00%,37.1363,50.61,5.99
1266668,Khonsa,92.00%,IN,98.00%,26.991,59.32,1.63
3366880,Hermanus,0.00%,ZA,95.00%,-34.4176,41.4,3.53
5852602,Princeville,0.00%,US,78.00%,22.2236,78.04,5.66
921889,Fomboni,36.00%,KM,100.00%,-12.28,81.93,0.74
3141866,Rindal,0.00%,NO,74.00%,63.0548,6.53,3.53
3991347,Puerto Penasco,0.00%,MX,81.00%,31.3167,65.16,12.59
934322,Mahebourg,64.00%,MU,83.00%,-20.4081,76.15,5.77
1510689,Baykit,48.00%,RU,61.00%,61.6784,7.2,3.87
2013442,Vershino-Darasunskiy,92.00%,RU,92.00%,52.35,41.0,3.53
2136697,Lakatoro,64.00%,VU,89.00%,-16.1069,85.91,3.2
3443061,Chuy,0.00%,UY,87.00%,-33.6938,53.69,8.57
1214488,Meulaboh,20.00%,ID,100.00%,4.1363,77.29,4.43
2038300,Benxi,8.00%,CN,54.00%,41.2922,52.2,11.81
1734586,Simpang,32.00%,MY,100.00%,4.8185,75.0,4.76
3102459,Brzeg,92.00%,PL,95.00%,50.8615,38.95,7.78
779554,Honningsvag,80.00%,NO,100.00%,70.9821,26.47,19.42
1736356,Tumpat,80.00%,MY,93.00%,6.1984,75.65,3.31
3437029,San Patricio,0.00%,PY,71.00%,-26.9767,56.93,4.09
3728097,Les Cayes,0.00%,HT,100.00%,18.1944,79.23,4.76
2092164,Lorengau,44.00%,PG,98.00%,-2.0226,83.53,8.46
1507745,Choya,80.00%,RU,90.00%,52.0053,23.68,2.19
4020109,Atuona,88.00%,PF,100.00%,-9.8,77.67,15.28
3650121,Olinda,88.00%,EC,78.00%,-2.0334,81.97,2.75
2034754,Shunyi,0.00%,CN,60.00%,40.1294,60.15,3.2
863061,Usinsk,64.00%,RU,79.00%,65.9957,-1.81,9.46
3996322,Mazatlan,0.00%,MX,53.00%,23.2167,77.16,3.76
2108502,Honiara,64.00%,SB,90.00%,-9.4313,86.14,2.86
3843123,Neuquen,0.00%,AR,30.00%,-38.9517,63.37,8.46
3170094,Portoferraio,0.00%,IT,100.00%,42.8115,46.44,9.8
3833062,Venado Tuerto,32.00%,AR,53.00%,-33.7455,50.61,7.11
5949493,Espanola,12.00%,CA,56.00%,46.2653,34.02,10.47
5681948,Fallon,0.00%,US,67.00%,46.8369,44.55,9.24
5849996,Lahaina,8.00%,US,79.00%,20.8727,78.75,9.8
694919,Sakhnovshchyna,92.00%,UA,95.00%,49.1517,40.91,9.01
2019309,Neryungri,0.00%,RU,66.00%,56.658,25.12,5.88
5746545,Portland,92.00%,US,100.00%,45.5202,48.56,4.65
1131462,Uruzgan,20.00%,AF,64.00%,32.9278,27.45,1.74
2686469,Ornskoldsvik,0.00%,SE,100.00%,63.2909,9.48,9.01
2640006,Portree,92.00%,GB,100.00%,57.4129,39.27,17.63
3844421,Russell,0.00%,AR,64.00%,-33.0055,55.89,2.3
1296736,Shwebo,76.00%,MM,88.00%,22.5667,70.81,8.57
72181,Marzuq,0.00%,YE,87.00%,14.4,41.34,2.19
6620339,Karratha,0.00%,AU,52.00%,-20.7371,89.76,5.21
3374210,Sao Filipe,0.00%,CV,97.00%,14.8961,69.48,15.39
2027109,Barguzin,68.00%,RU,88.00%,53.6176,20.21,5.44
3664956,Boca do Acre,64.00%,BR,78.00%,-8.7554,73.87,3.65
2021188,Kurumkan,8.00%,RU,88.00%,54.3263,16.43,2.53
3567546,Bejucal,0.00%,CU,49.00%,22.9281,73.17,12.82
3389822,Salinopolis,100.00%,BR,100.00%,-0.6137,80.51,8.23
6941099,Mahendranagar,0.00%,IN,37.00%,28.0229,60.13,3.2
1082243,Ambilobe,12.00%,MG,99.00%,-13.1945,69.85,2.98
2447513,Arlit,0.00%,NE,31.00%,18.7391,56.03,4.09
3378644,Georgetown,88.00%,GY,77.00%,6.8026,78.35,7.45
2542997,Marrakesh,0.00%,MA,54.00%,31.626,52.65,6.44
3833367,Ushuaia,0.00%,AR,94.00%,-54.807,44.38,19.53
1242110,Kalmunai,44.00%,LK,99.00%,7.4167,71.58,2.75
526296,Mirskoy,80.00%,RU,92.00%,45.5427,40.19,6.78
1106677,Bambous Virieux,64.00%,MU,83.00%,-20.3428,76.15,5.77
5742974,North Bend,88.00%,US,92.00%,43.4065,49.64,3.31
2013399,Vikhorevka,76.00%,RU,81.00%,56.1247,20.89,4.32
3440714,Salto,0.00%,UY,72.00%,-31.3889,52.11,9.35
1628884,Sampit,44.00%,ID,98.00%,-2.539,78.75,4.54
5931074,Cowansville,0.00%,CA,65.00%,45.2089,28.31,1.19
5469841,Grants,92.00%,US,26.00%,35.1473,47.84,6.67
3676604,Rosarito,20.00%,CO,89.00%,4.9051,73.81,1.63
4568138,San Juan,76.00%,PR,100.00%,18.4653,78.76,10.25
5543462,Moroni,56.00%,US,40.00%,39.525,31.59,3.76
1028434,Quelimane,0.00%,MZ,94.00%,-17.8776,79.05,5.44
3471451,Arraial do Cabo,32.00%,BR,86.00%,-22.9663,78.17,19.08
2239862,Malanje,20.00%,AO,98.00%,-9.5439,63.45,2.19
3407882,Altamira,48.00%,BR,90.00%,-3.2041,71.71,3.53
1507116,Dudinka,64.00%,RU,53.00%,69.4061,-8.49,6.78
2123814,Leningradskiy,92.00%,RU,100.00%,69.3833,-0.51,19.53
1507390,Dikson,24.00%,RU,95.00%,73.5069,-16.32,3.31
1689431,San Jose,8.00%,PH,72.00%,15.7917,80.82,2.42
3573374,The Valley,68.00%,AI,99.00%,18.217,78.26,8.23
1283285,Jumla,0.00%,NP,82.00%,29.2754,13.59,1.74
3423146,Ilulissat,20.00%,GL,76.00%,69.2167,-15.31,3.09
1641899,Labuhan,68.00%,ID,96.00%,-2.5409,76.01,2.98
1494482,Polunochnoye,0.00%,RU,68.00%,60.8693,7.23,8.68
2508813,Adrar,0.00%,DZ,28.00%,27.8734,57.45,16.06
4732862,Nome,44.00%,US,71.00%,30.0358,73.36,17.07
2034340,Tumen,68.00%,CN,56.00%,42.9653,62.26,5.55
2063036,Port Lincoln,56.00%,AU,87.00%,-34.7212,68.27,19.08
3671549,Puerto Asis,56.00%,CO,88.00%,0.5133,72.93,1.97
6162949,Terrace,92.00%,CA,80.00%,54.5211,35.06,2.19
57000,Hobyo,88.00%,SO,84.00%,5.3505,80.83,16.17
2647074,Hereford,92.00%,GB,98.00%,52.0554,39.94,12.48
2249901,Gat,88.00%,SN,34.00%,14.6934,74.62,10.58
4551177,Shawnee,88.00%,US,64.00%,35.3273,59.22,17.18
1497397,Nizhnyaya Poyma,64.00%,RU,83.00%,56.1631,18.12,4.99
3141310,Rorvik,48.00%,NO,100.00%,64.8621,30.11,2.98
2094342,Kavieng,20.00%,PG,96.00%,-2.5745,86.72,6.22
5061221,Rugby,64.00%,US,97.00%,48.3689,33.53,3.31
2067089,Maningrida,0.00%,AU,100.00%,-12.0525,84.11,3.87
4642938,Morristown,12.00%,US,64.00%,36.214,53.2,4.99
3831208,Qaanaaq,12.00%,GL,85.00%,77.484,-22.09,5.66
1691355,Sabang,88.00%,PH,100.00%,13.7234,76.39,12.82
3981391,Tomatlan,0.00%,MX,50.00%,19.9333,77.83,4.65
2120047,Ust-Omchug,80.00%,RU,76.00%,61.1332,20.44,3.53
4033557,Tautira,48.00%,PF,99.00%,-17.7334,87.21,15.73
1248991,Colombo,48.00%,LK,100.00%,6.935,76.48,2.64
6094817,Ottawa,0.00%,CA,65.00%,45.4211,29.89,4.65
2214846,Misratah,48.00%,LY,96.00%,32.3754,57.06,10.8
1684245,Tagusao,8.00%,PH,89.00%,9.1924,82.27,5.44
2122293,Ozernovskiy,44.00%,RU,100.00%,51.5,36.45,4.09
1714733,Dingle,8.00%,PH,67.00%,11.0001,83.73,10.02
4034496,Fare,88.00%,PF,96.00%,-16.7001,83.3,17.07
3690608,Zorritos,68.00%,PE,79.00%,-3.6805,76.91,4.99
3664716,Canutama,32.00%,BR,81.00%,-6.5331,77.02,4.43
1580410,Hong Gai,44.00%,VN,90.00%,20.956,70.99,4.21
2178753,Kirakira,64.00%,SB,100.00%,-10.4569,83.44,10.47
2069194,Jamestown,0.00%,AU,57.00%,-33.2075,69.82,11.03
2179103,Whitianga,0.00%,NZ,99.00%,-36.8332,69.71,11.81
2701713,Karlskrona,92.00%,SE,80.00%,56.1621,27.55,5.66
34886,Sabya,0.00%,YE,92.00%,16.1858,55.99,0.63
2127202,Anadyr,80.00%,RU,100.00%,64.7317,4.12,8.46
544084,Koslan,0.00%,RU,70.00%,63.4564,-3.88,4.54
2160063,Codrington,92.00%,AU,100.00%,-28.9484,70.32,6.67
2120048,Ust-Nera,32.00%,RU,77.00%,64.5664,13.41,2.64
2175403,Bluff,56.00%,AU,64.00%,-23.58,90.05,8.01
107304,Buraydah,0.00%,SA,24.00%,26.3317,68.29,3.98
3855065,General Roca,0.00%,AR,30.00%,-39.0267,63.37,8.46
2090021,Namatanai,32.00%,PG,99.00%,-3.6642,85.33,2.64
1498161,Muzhi,68.00%,RU,82.00%,65.4,4.12,17.07
2610343,Vestmanna,48.00%,FO,100.00%,62.1564,38.03,29.15
6086673,Neepawa,68.00%,CA,96.00%,50.2319,31.32,5.99
2396518,Port-Gentil,56.00%,GA,100.00%,-0.7194,82.11,7.45
2093846,Kiunga,12.00%,PG,84.00%,-6.116,89.24,2.64
1267433,Kattivakkam,0.00%,IN,100.00%,13.2167,78.12,8.01
292953,Manama,0.00%,AE,53.00%,25.3295,66.94,3.76
2033536,Yakeshi,80.00%,CN,51.00%,49.2833,51.35,14.5
3860443,Comodoro Rivadavia,92.00%,AR,69.00%,-45.8654,68.23,20.98
7671223,Kloulklubed,0.00%,PW,100.00%,7.0419,82.65,20.2
4671240,Estelle,68.00%,US,59.00%,32.8662,79.57,12.37
103630,Najran,0.00%,SA,58.00%,17.544,61.81,3.2
2455518,Kayes,44.00%,ML,31.00%,14.4434,69.4,7.56
2082539,Merauke,68.00%,ID,94.00%,-8.4903,83.88,14.16
3622716,Nicoya,0.00%,CR,38.00%,10.147,86.14,13.71
3137469,Sorland,88.00%,NO,100.00%,67.667,36.27,16.06
4470244,Havelock,0.00%,US,94.00%,34.8785,48.51,15.28
3899695,Ancud,92.00%,CL,94.00%,-41.8682,53.24,3.98
1529651,Altay,64.00%,CN,91.00%,47.8258,26.64,4.43
3374083,Bathsheba,32.00%,BB,99.00%,13.2167,78.37,13.82
2021017,Kysyl-Syr,56.00%,RU,69.00%,63.8986,14.25,9.8
4276792,Oskaloosa,44.00%,US,90.00%,39.2153,59.54,15.73
1685422,Sulangan,0.00%,PH,100.00%,11.1373,79.75,16.28
6078372,Moose Factory,88.00%,CA,83.00%,51.2585,36.34,6.22
2225940,Yatou,20.00%,CM,100.00%,3.6277,77.94,11.81
3428576,San Pedro,36.00%,AR,69.00%,-33.6759,53.56,9.69
3416888,Grindavik,92.00%,IS,100.00%,63.8424,38.7,6.89
1241622,Wattegama,48.00%,LK,95.00%,7.3513,66.72,2.75
1056899,Sambava,44.00%,MG,100.00%,-14.2667,78.12,13.6
1508501,Chadan,48.00%,RU,73.00%,51.286,13.01,2.64
3026644,Souillac,64.00%,FR,91.00%,45.6006,42.35,5.77
1014034,Carnarvon,0.00%,ZA,32.00%,-30.9678,37.74,3.65
3896218,Castro,88.00%,CL,93.00%,-42.4824,51.4,3.53
5071348,Kearney,80.00%,US,100.00%,40.6995,42.22,9.69
2444219,Goure,0.00%,NE,31.00%,13.9835,66.54,5.88
1636426,Manggar,80.00%,ID,100.00%,-2.8834,77.22,7.9
3421765,Nanortalik,0.00%,GL,100.00%,60.1432,24.98,42.46
1863495,Gushikawa,48.00%,JP,99.00%,26.3544,64.9,11.14
2642910,Matlock,92.00%,GB,86.00%,53.1375,41.67,8.57
5392952,Santa Barbara,0.00%,US,80.00%,34.4221,64.22,22.55
5983720,Iqaluit,76.00%,CA,86.00%,63.7494,18.73,8.46
3571913,Marsh Harbour,92.00%,BS,100.00%,26.5383,70.52,24.56
889215,Kariba,36.00%,ZW,95.00%,-16.5273,70.56,2.42
2084442,Vanimo,44.00%,PG,100.00%,-2.6741,80.96,1.74
3839307,Rawson,20.00%,AR,25.00%,-43.2992,58.87,10.47
3456248,Nortelandia,80.00%,BR,93.00%,-14.4548,66.74,5.44
5859699,College,0.00%,US,65.00%,64.8569,31.3,11.25
1006984,East London,88.00%,ZA,100.00%,-33.0153,71.71,15.5
6185377,Yellowknife,0.00%,CA,63.00%,62.4541,-3.48,8.12
2022572,Khatanga,20.00%,RU,53.00%,71.9801,-32.19,6.78
2094027,Kieta,80.00%,PG,100.00%,-6.2167,83.88,4.09
6180550,Whitehorse,44.00%,CA,61.00%,60.7216,19.96,3.76
3404558,Cabedelo,76.00%,BR,91.00%,-6.9733,78.78,7.0
1255361,Suratgarh,0.00%,IN,43.00%,29.3203,61.11,2.75
292968,Abu Dhabi,0.00%,AE,94.00%,24.4748,72.72,2.86
6170031,Tuktoyaktuk,0.00%,CA,78.00%,69.444,-8.92,3.09
3155913,Geilo,64.00%,NO,89.00%,60.5333,12.31,2.3
1253628,Lata,0.00%,IN,39.00%,30.7809,44.71,3.42
2121385,Severo-Kurilsk,32.00%,RU,100.00%,50.6789,33.15,4.76
6089245,Norman Wells,0.00%,CA,73.00%,65.2824,0.97,3.65
1244926,Hambantota,88.00%,LK,100.00%,6.1241,79.63,7.67
3573739,Esperance,92.00%,TT,81.00%,10.2447,77.2,6.89
49747,Xuddur,0.00%,SO,79.00%,4.1213,67.1,10.36
3424607,Tasiilaq,0.00%,GL,89.00%,65.6145,24.67,23.22
1511057,Bakchar,88.00%,RU,82.00%,57.0205,24.85,9.46
3135728,Straumen,0.00%,NO,80.00%,63.8723,16.56,2.42
668660,Roseti,88.00%,RO,100.00%,44.2167,34.12,8.46
3356832,Henties Bay,8.00%,NA,100.00%,-22.1161,61.45,3.2
262462,Chara,0.00%,GR,85.00%,39.4167,46.47,3.65
7626370,Bud,0.00%,NO,100.00%,62.9088,30.29,17.18
3421982,Maniitsoq,0.00%,GL,87.00%,65.4167,-9.78,6.22
3572189,Freetown,92.00%,BS,100.00%,26.6117,69.67,21.88
2181625,Te Anau,92.00%,NZ,75.00%,-45.4145,53.82,14.72
3141548,Rognan,32.00%,NO,87.00%,67.1003,18.82,4.21
2063030,Port Pirie,8.00%,AU,87.00%,-33.1792,63.3,9.13
1490256,Talnakh,68.00%,RU,70.00%,69.494,-2.13,6.44
4036284,Alofi,92.00%,NU,100.00%,-19.0596,78.57,7.78
2160517,Launceston,64.00%,AU,87.00%,-41.4341,60.6,4.65
3894426,Coihaique,32.00%,CL,61.00%,-45.5753,52.52,7.78
2517679,Fortuna,0.00%,ES,48.00%,38.1801,53.26,10.47
3154539,Gullhaug,12.00%,NO,98.00%,59.5,22.62,2.75
5847411,Kahului,8.00%,US,79.00%,20.8894,78.53,9.8
3347019,Namibe,56.00%,AO,100.00%,-15.1902,77.49,6.67
232571,Kalangala,68.00%,UG,100.00%,-0.3202,69.57,2.53
3388847,Sao Felix do Xingu,44.00%,BR,88.00%,-6.6448,73.36,2.86
712587,Novikovo,92.00%,UA,100.00%,45.0515,43.12,5.44
3404713,Buriti dos Lopes,88.00%,BR,100.00%,-3.1777,78.53,2.75
581080,Arkadak,0.00%,RU,84.00%,51.9429,15.39,10.8
1633419,Padang,92.00%,ID,100.00%,-0.9248,82.33,4.76
712969,Dachnoye,92.00%,UA,92.00%,44.7153,46.85,10.69
2155858,Nambucca Heads,48.00%,AU,91.00%,-30.645,74.79,5.99
6320062,Vila Velha,68.00%,BR,100.00%,-3.7125,80.56,6.22
3427761,Tigre,12.00%,AR,75.00%,-34.4227,55.9,7.56
69559,Aras,0.00%,YE,53.00%,14.2793,33.03,2.64
4407665,Kodiak,92.00%,US,98.00%,39.9519,48.67,11.03
2126199,Cherskiy,0.00%,RU,64.00%,68.75,11.25,3.42
286245,Sur,0.00%,OM,83.00%,22.5702,76.98,4.43
750510,Bolu,24.00%,TR,50.00%,40.7345,46.81,8.01
5880568,Bethel,88.00%,US,90.00%,60.7922,36.7,10.25
6111867,Port Hawkesbury,0.00%,CA,86.00%,45.6181,26.56,11.92
5406222,Victorville,0.00%,US,23.00%,34.5361,61.25,9.24
5264223,Neenah,92.00%,US,83.00%,44.1858,43.66,18.52
694137,Shevchenkove,68.00%,UA,66.00%,49.6953,28.87,6.78
2641434,Northam,92.00%,GB,96.00%,51.0401,44.56,17.52
160677,Chake Chake,80.00%,TZ,100.00%,-5.2459,80.1,5.21
1513957,Hazorasp,88.00%,UZ,86.00%,41.3154,46.6,9.46
2093685,Kokopo,56.00%,PG,100.00%,-4.3439,83.95,4.76
4204007,Kingsland,92.00%,US,98.00%,30.8,57.97,10.8
5039421,North Branch,92.00%,US,100.00%,45.5114,32.29,3.42
2068655,Katherine,8.00%,AU,75.00%,-14.4657,87.3,4.76
2179825,Waitati,88.00%,NZ,57.00%,-45.7479,76.82,15.5
352733,Marsa Matruh,0.00%,EG,25.00%,31.3525,56.7,9.24
4776222,Norfolk,0.00%,US,78.00%,36.8463,39.47,15.73
1488632,Uglovskoye,56.00%,RU,90.00%,51.3557,22.68,7.23
3372783,Ponta Delgada,8.00%,PT,100.00%,37.7333,56.91,0.74
2025256,Chumikan,92.00%,RU,89.00%,54.7183,29.17,4.21
262462,Saint George,0.00%,GR,85.00%,39.4548,46.47,3.65
3981460,Coahuayana,0.00%,MX,28.00%,18.6201,83.48,2.98
3863379,Mar del Plata,88.00%,AR,48.00%,-46.4276,59.47,23.55
94787,Kirkuk,0.00%,IQ,75.00%,35.4701,43.0,3.09
3832899,Viedma,0.00%,AR,36.00%,-40.8086,57.74,14.16
3516376,Tamiahua,8.00%,MX,78.00%,21.2781,79.23,17.74
667952,Saru Dornei,48.00%,RO,87.00%,47.2833,22.53,1.63
5686121,Whitefish,88.00%,US,58.00%,48.4108,37.87,5.66
3397763,Jacareacanga,8.00%,BR,77.00%,-6.2243,80.51,3.76
1015776,Bredasdorp,0.00%,ZA,100.00%,-34.5331,55.11,16.17
3037899,Ambon,92.00%,FR,96.00%,47.5542,48.85,14.83
4030556,Rikitea,76.00%,PF,100.00%,-23.1203,79.99,18.86
1529484,Hami,32.00%,CN,55.00%,42.8354,45.9,9.91
2155415,New Norfolk,68.00%,AU,84.00%,-42.7802,58.98,4.99
5955902,Fort Nelson,12.00%,CA,46.00%,58.8063,15.12,3.87
2101169,Aitape,88.00%,PG,100.00%,-3.1511,80.85,3.65
2136825,Isangel,92.00%,VU,100.00%,-19.55,79.03,20.76
2264923,Peniche,48.00%,PT,97.00%,39.3566,52.75,10.36
2281120,Tabou,12.00%,CI,100.00%,4.4194,81.91,9.35
4501427,Port Elizabeth,0.00%,US,69.00%,39.3134,34.05,9.69
2208248,Kaitangata,92.00%,NZ,99.00%,-46.2818,61.02,7.0
2016216,Sosnovo-Ozerskoye,88.00%,RU,83.00%,52.5286,31.82,14.83
5882953,Aklavik,0.00%,CA,87.00%,68.2183,-0.1,4.88
5972291,Havre-Saint-Pierre,0.00%,CA,83.00%,50.2334,21.43,10.25
6355222,Yulara,0.00%,AU,34.00%,-25.2411,74.23,6.11
2112802,Hasaki,20.00%,JP,100.00%,35.7333,50.77,3.76
2172880,Byron Bay,92.00%,AU,100.00%,-28.65,74.79,8.12
3840300,Presidencia Roque Saenz Pena,0.00%,AR,80.00%,-26.7853,52.0,8.46
2399697,Libreville,92.00%,GA,100.00%,0.39,81.7,2.98
2035715,Mudanjiang,24.00%,CN,55.00%,44.5784,55.2,10.8
2618795,Klaksvik,48.00%,FO,96.00%,62.2266,37.99,28.81
5309842,Prescott,92.00%,US,24.00%,34.5403,54.12,5.44
3418910,Upernavik,8.00%,GL,100.00%,72.7868,-14.44,5.99
1518542,Karabulak,56.00%,KZ,97.00%,44.9082,39.6,3.09
3933104,Pangoa,92.00%,PE,93.00%,-12.1167,62.26,1.97
2013923,Ust-Kut,36.00%,RU,82.00%,56.7804,12.13,2.42
3577430,Road Town,56.00%,VG,100.00%,18.4167,76.71,9.35
5814616,Vancouver,92.00%,US,100.00%,45.6307,48.56,4.65
3877918,Ovalle,0.00%,CL,93.00%,-30.6031,53.37,2.86
2037222,Gongzhuling,8.00%,CN,43.00%,43.5025,62.73,18.75
3466165,Cidreira,92.00%,BR,85.00%,-30.1658,69.21,11.03
2110227,Butaritari,0.00%,KI,97.00%,3.0707,84.25,13.82
2643490,Lowestoft,44.00%,GB,95.00%,52.4752,43.02,9.8
1636308,Manokwari,24.00%,ID,100.00%,-0.8667,82.67,3.65
2126123,Chokurdakh,48.00%,RU,72.00%,70.6192,2.75,12.48
2078025,Peterhead,20.00%,AU,85.00%,-34.8297,66.7,11.03
1273574,Vaini,8.00%,IN,94.00%,15.336,65.23,1.52
556268,Ostrovnoy,20.00%,RU,85.00%,68.0544,9.0,19.08
211647,Lodja,20.00%,CD,94.00%,-3.5242,71.49,1.97
286621,Salalah,8.00%,OM,100.00%,17.0149,78.28,3.65
235191,Amudat,0.00%,UG,77.00%,1.9538,61.34,5.55
6138908,Saint-Philippe,0.00%,CA,80.00%,45.3584,28.18,4.76
1056386,Soanierana Ivongo,48.00%,MG,100.00%,-16.9204,75.2,6.78
3868707,Valdivia,32.00%,CL,93.00%,-39.8142,58.21,4.54
3932145,Pisco,12.00%,PE,73.00%,-13.71,69.01,1.97
4231997,Avera,100.00%,US,76.00%,33.194,51.21,9.01
2180815,Tuatapere,92.00%,NZ,84.00%,-46.1324,61.07,18.97
3373652,Oistins,32.00%,BB,99.00%,13.0667,78.37,13.82
2122605,Okhotsk,92.00%,RU,90.00%,59.3644,20.23,16.51
1538641,Kedrovyy,80.00%,RU,84.00%,56.1667,26.19,6.55
3621278,Tilaran,0.00%,CR,38.00%,10.4716,86.14,13.71
2025456,Chernyshevskiy,0.00%,RU,71.00%,63.0128,6.49,3.2
933290,Mookane,12.00%,BW,92.00%,-23.6847,63.1,8.68
2156643,Mount Gambier,20.00%,AU,72.00%,-37.8302,66.34,4.76
2173323,Bundaberg,80.00%,AU,99.00%,-24.8654,79.02,21.88
5916706,Carberry,64.00%,CA,79.00%,49.8693,31.17,5.44
5960603,Geraldton,92.00%,CA,69.00%,49.7189,31.98,8.12
1797543,Tianpeng,48.00%,CN,92.00%,28.8838,63.3,8.23
4013704,Laguna,92.00%,MX,31.00%,27.5185,78.71,4.09
2014369,Ulety,92.00%,RU,90.00%,51.3572,36.03,15.84
